<?xml version="1.0" encoding="UTF-8"?>
<metadata xml:lang="es"><Esri><CreaDate>20251028</CreaDate><CreaTime>06142900</CreaTime><ArcGISFormat>1.0</ArcGISFormat><SyncOnce>FALSE</SyncOnce><DataProperties><lineage><Process ToolSource="c:\program files\arcgis\pro\Resources\ArcToolbox\toolboxes\Data Management Tools.tbx\Append" Date="20240312" Time="121418">Append D:\BACKUPS_DBGEODIG\CopiasDeSeguridad\MGN\Vig2023\mgn_2023.gdb\mgn_urbano\mgn_urb_zona_urbana D:\COMPARTIDO_BDG\CONEXIONES_BDGC\PostgreSQL\Edicion-server_EdicConc_Admon\edicion-server_BDDmgn@mgn.sde\mgn.mgn.mgn_urbano\mgn.mgn.mgn_urb_zona_urbana "Use the field map to reconcile field differences" "globalid "GlobalID" false false true 38 GlobalID 0 0,First,#,D:\BACKUPS_DBGEODIG\CopiasDeSeguridad\MGN\Vig2023\mgn_2023.gdb\mgn_urbano\mgn_urb_zona_urbana,globalid,-1,-1;dpto_ccdgo "Codigo departamento" true true false 2 Text 0 0,First,#,D:\BACKUPS_DBGEODIG\CopiasDeSeguridad\MGN\Vig2023\mgn_2023.gdb\mgn_urbano\mgn_urb_zona_urbana,dpto_ccdgo,0,1;mpio_ccdgo "Codigo municipio" true true false 3 Text 0 0,First,#,D:\BACKUPS_DBGEODIG\CopiasDeSeguridad\MGN\Vig2023\mgn_2023.gdb\mgn_urbano\mgn_urb_zona_urbana,mpio_ccdgo,0,2;mpio_cdpmp "Codigo municipio concatenado" true true false 5 Text 0 0,First,#,D:\BACKUPS_DBGEODIG\CopiasDeSeguridad\MGN\Vig2023\mgn_2023.gdb\mgn_urbano\mgn_urb_zona_urbana,mpio_cdpmp,0,4;clas_ccdgo "Codigo clase" true true false 1 Text 0 0,First,#,D:\BACKUPS_DBGEODIG\CopiasDeSeguridad\MGN\Vig2023\mgn_2023.gdb\mgn_urbano\mgn_urb_zona_urbana,clas_ccdgo,0,254;setr_ccdgo "Codigo sector rural" true true false 3 Text 0 0,First,#,D:\BACKUPS_DBGEODIG\CopiasDeSeguridad\MGN\Vig2023\mgn_2023.gdb\mgn_urbano\mgn_urb_zona_urbana,setr_ccdgo,0,2;setr_ccnct "Codigo sector rural concatenado" true true false 9 Text 0 0,First,#,D:\BACKUPS_DBGEODIG\CopiasDeSeguridad\MGN\Vig2023\mgn_2023.gdb\mgn_urbano\mgn_urb_zona_urbana,setr_ccnct,0,8;secr_ccdgo "Codigo seccion rural" true true false 2 Text 0 0,First,#,D:\BACKUPS_DBGEODIG\CopiasDeSeguridad\MGN\Vig2023\mgn_2023.gdb\mgn_urbano\mgn_urb_zona_urbana,secr_ccdgo,0,1;secr_ccnct "Codigo seccion rural concatenado" true true false 11 Text 0 0,First,#,D:\BACKUPS_DBGEODIG\CopiasDeSeguridad\MGN\Vig2023\mgn_2023.gdb\mgn_urbano\mgn_urb_zona_urbana,secr_ccnct,0,10;zu_ccdgo "Codigo Zona Urbana" true true false 3 Text 0 0,First,#,D:\BACKUPS_DBGEODIG\CopiasDeSeguridad\MGN\Vig2023\mgn_2023.gdb\mgn_urbano\mgn_urb_zona_urbana,zu_ccdgo,0,2;zu_cdivi "Codigo DIVIPOLA Zona Urbana" true true false 8 Text 0 0,First,#,D:\BACKUPS_DBGEODIG\CopiasDeSeguridad\MGN\Vig2023\mgn_2023.gdb\mgn_urbano\mgn_urb_zona_urbana,zu_cdivi,0,7;zu_cnmbre "Nombre Zona Urbana" true true false 255 Text 0 0,First,#,D:\BACKUPS_DBGEODIG\CopiasDeSeguridad\MGN\Vig2023\mgn_2023.gdb\mgn_urbano\mgn_urb_zona_urbana,zu_cnmbre,0,254;zu_ccnct "Codigo Zona Urbana concatenado" true true false 14 Text 0 0,First,#,D:\BACKUPS_DBGEODIG\CopiasDeSeguridad\MGN\Vig2023\mgn_2023.gdb\mgn_urbano\mgn_urb_zona_urbana,zu_ccnct,0,13;zu_narea "Area Zona Urbana (m2)" true true false 8 Double 8 38,First,#,D:\BACKUPS_DBGEODIG\CopiasDeSeguridad\MGN\Vig2023\mgn_2023.gdb\mgn_urbano\mgn_urb_zona_urbana,zu_narea,-1,-1;zu_naltd "Altitud Zona Urbana" true true false 8 Double 8 38,First,#,D:\BACKUPS_DBGEODIG\CopiasDeSeguridad\MGN\Vig2023\mgn_2023.gdb\mgn_urbano\mgn_urb_zona_urbana,zu_naltd,-1,-1;zu_nano "Año vigencia DANE" true true false 2 Short 0 5,First,#,D:\BACKUPS_DBGEODIG\CopiasDeSeguridad\MGN\Vig2023\mgn_2023.gdb\mgn_urbano\mgn_urb_zona_urbana,zu_nano,-1,-1" # # # NOT_UPDATE_GEOMETRY</Process><Process ToolSource="c:\program files\arcgis\pro\Resources\ArcToolbox\Toolboxes\Data Management Tools.tbx\UpdateSchema" Date="20240312" Time="145311">UpdateSchema D:\COMPARTIDO_BDG\CONEXIONES_BDGC\PostgreSQL\Edicion-server_EdicConc_Admon\edicion-server_BDDmgn@mgn.sde\mgn.mgn.mgn_urbano\mgn.mgn.mgn_urb_zona_urbana "&lt;operationSequence&gt;&lt;workflow&gt;&lt;AddAttributeRule&gt;&lt;rule_name&gt;Cal Cod Mpio Concat&lt;/rule_name&gt;&lt;rule_type&gt;CALCULATION&lt;/rule_type&gt;&lt;expression&gt;$feature.dpto_ccdgo+$feature.mpio_ccdgo&lt;/expression&gt;&lt;is_editable&gt;True&lt;/is_editable&gt;&lt;triggering_events_insert&gt;False&lt;/triggering_events_insert&gt;&lt;triggering_events_delete&gt;False&lt;/triggering_events_delete&gt;&lt;triggering_events_update&gt;True&lt;/triggering_events_update&gt;&lt;error_number&gt;0&lt;/error_number&gt;&lt;rule_description&gt;Cálculo de código de municipio concatenado&lt;/rule_description&gt;&lt;field_name&gt;mpio_cdpmp&lt;/field_name&gt;&lt;exclude_from_client_eval&gt;False&lt;/exclude_from_client_eval&gt;&lt;batch&gt;False&lt;/batch&gt;&lt;severity&gt;-1&lt;/severity&gt;&lt;tags&gt;mpio_cdpmp;cod de mpio concatenado&lt;/tags&gt;&lt;category&gt;0&lt;/category&gt;&lt;/AddAttributeRule&gt;&lt;ReorderAttributeRule&gt;&lt;rule_name&gt;Cal Cod Mpio Concat&lt;/rule_name&gt;&lt;evaluation_order&gt;1&lt;/evaluation_order&gt;&lt;/ReorderAttributeRule&gt;&lt;/workflow&gt;&lt;workflow&gt;&lt;AddAttributeRule&gt;&lt;rule_name&gt;Cal Cod Sect Rur Concat&lt;/rule_name&gt;&lt;rule_type&gt;CALCULATION&lt;/rule_type&gt;&lt;expression&gt;$feature.dpto_ccdgo+$feature.mpio_ccdgo+$feature.clas_ccdgo+$feature.setr_ccdgo&lt;/expression&gt;&lt;is_editable&gt;True&lt;/is_editable&gt;&lt;triggering_events_insert&gt;False&lt;/triggering_events_insert&gt;&lt;triggering_events_delete&gt;False&lt;/triggering_events_delete&gt;&lt;triggering_events_update&gt;True&lt;/triggering_events_update&gt;&lt;error_number&gt;0&lt;/error_number&gt;&lt;rule_description&gt;Cálculo de código de sector rural concatenado&lt;/rule_description&gt;&lt;field_name&gt;setr_ccnct&lt;/field_name&gt;&lt;exclude_from_client_eval&gt;False&lt;/exclude_from_client_eval&gt;&lt;batch&gt;False&lt;/batch&gt;&lt;severity&gt;-1&lt;/severity&gt;&lt;tags&gt;setr_ccnct;Cod. sector rural concatenado&lt;/tags&gt;&lt;category&gt;0&lt;/category&gt;&lt;/AddAttributeRule&gt;&lt;ReorderAttributeRule&gt;&lt;rule_name&gt;Cal Cod Sect Rur Concat&lt;/rule_name&gt;&lt;evaluation_order&gt;2&lt;/evaluation_order&gt;&lt;/ReorderAttributeRule&gt;&lt;/workflow&gt;&lt;workflow&gt;&lt;AddAttributeRule&gt;&lt;rule_name&gt;Cal Cod Secc Concat&lt;/rule_name&gt;&lt;rule_type&gt;CALCULATION&lt;/rule_type&gt;&lt;expression&gt;$feature.dpto_ccdgo+$feature.mpio_ccdgo+$feature.clas_ccdgo+$feature.setr_ccdgo+$feature.secr_ccdgo&lt;/expression&gt;&lt;is_editable&gt;True&lt;/is_editable&gt;&lt;triggering_events_insert&gt;False&lt;/triggering_events_insert&gt;&lt;triggering_events_delete&gt;False&lt;/triggering_events_delete&gt;&lt;triggering_events_update&gt;True&lt;/triggering_events_update&gt;&lt;error_number&gt;0&lt;/error_number&gt;&lt;rule_description&gt;Cálculo de código de sección rural concatenado&lt;/rule_description&gt;&lt;field_name&gt;secr_ccnct&lt;/field_name&gt;&lt;exclude_from_client_eval&gt;False&lt;/exclude_from_client_eval&gt;&lt;batch&gt;False&lt;/batch&gt;&lt;severity&gt;-1&lt;/severity&gt;&lt;tags&gt;secr_ccnct;codigo de seccion rural concatenado,&lt;/tags&gt;&lt;category&gt;0&lt;/category&gt;&lt;/AddAttributeRule&gt;&lt;ReorderAttributeRule&gt;&lt;rule_name&gt;Cal Cod Secc Concat&lt;/rule_name&gt;&lt;evaluation_order&gt;3&lt;/evaluation_order&gt;&lt;/ReorderAttributeRule&gt;&lt;/workflow&gt;&lt;workflow&gt;&lt;AddAttributeRule&gt;&lt;rule_name&gt;Cal Cod ZU&lt;/rule_name&gt;&lt;rule_type&gt;CALCULATION&lt;/rule_type&gt;&lt;expression&gt;$feature.dpto_ccdgo+$feature.mpio_ccdgo+$feature.zu_ccdgo&lt;/expression&gt;&lt;is_editable&gt;True&lt;/is_editable&gt;&lt;triggering_events_insert&gt;False&lt;/triggering_events_insert&gt;&lt;triggering_events_delete&gt;False&lt;/triggering_events_delete&gt;&lt;triggering_events_update&gt;True&lt;/triggering_events_update&gt;&lt;error_number&gt;0&lt;/error_number&gt;&lt;rule_description&gt;Cálculo de código de Zona Urbana&lt;/rule_description&gt;&lt;field_name&gt;zu_cdivi&lt;/field_name&gt;&lt;exclude_from_client_eval&gt;False&lt;/exclude_from_client_eval&gt;&lt;batch&gt;False&lt;/batch&gt;&lt;severity&gt;-1&lt;/severity&gt;&lt;tags&gt;zu_cdivi;Codigo de zona urbana&lt;/tags&gt;&lt;category&gt;0&lt;/category&gt;&lt;/AddAttributeRule&gt;&lt;ReorderAttributeRule&gt;&lt;rule_name&gt;Cal Cod ZU&lt;/rule_name&gt;&lt;evaluation_order&gt;4&lt;/evaluation_order&gt;&lt;/ReorderAttributeRule&gt;&lt;/workflow&gt;&lt;workflow&gt;&lt;AddAttributeRule&gt;&lt;rule_name&gt;Cal Cod ZU Concat&lt;/rule_name&gt;&lt;rule_type&gt;CALCULATION&lt;/rule_type&gt;&lt;expression&gt;$feature.dpto_ccdgo+$feature.mpio_ccdgo+$feature.clas_ccdgo+$feature.setr_ccdgo+$feature.secr_ccdgo+$feature.zu_ccdgo&lt;/expression&gt;&lt;is_editable&gt;True&lt;/is_editable&gt;&lt;triggering_events_insert&gt;False&lt;/triggering_events_insert&gt;&lt;triggering_events_delete&gt;False&lt;/triggering_events_delete&gt;&lt;triggering_events_update&gt;True&lt;/triggering_events_update&gt;&lt;error_number&gt;0&lt;/error_number&gt;&lt;rule_description&gt;Cálculo de código de Zona Urbana Concatenado&lt;/rule_description&gt;&lt;field_name&gt;zu_ccnct&lt;/field_name&gt;&lt;exclude_from_client_eval&gt;False&lt;/exclude_from_client_eval&gt;&lt;batch&gt;False&lt;/batch&gt;&lt;severity&gt;-1&lt;/severity&gt;&lt;tags&gt;zu_ccnct;codigo de zona urbana concatenado&lt;/tags&gt;&lt;category&gt;0&lt;/category&gt;&lt;/AddAttributeRule&gt;&lt;ReorderAttributeRule&gt;&lt;rule_name&gt;Cal Cod ZU Concat&lt;/rule_name&gt;&lt;evaluation_order&gt;5&lt;/evaluation_order&gt;&lt;/ReorderAttributeRule&gt;&lt;/workflow&gt;&lt;workflow&gt;&lt;AddAttributeRule&gt;&lt;rule_name&gt;Val Cod Dpto&lt;/rule_name&gt;&lt;rule_type&gt;CONSTRAINT&lt;/rule_type&gt;&lt;expression&gt;var cod = Trim($feature.dpto_ccdgo)
var largo = Count(Text(cod))
if(cod == "0")
   return false
else if(cod == "00")
   return false
else if (cod == "")
   return false
else if (cod == " ")
   return false
else if (cod == "  ")
   return false
else if (isnan(cod) == -1)
   return false
else if (largo &amp;lt; 2)
   return false
else
   return true&lt;/expression&gt;&lt;is_editable&gt;True&lt;/is_editable&gt;&lt;triggering_events_insert&gt;False&lt;/triggering_events_insert&gt;&lt;triggering_events_delete&gt;False&lt;/triggering_events_delete&gt;&lt;triggering_events_update&gt;True&lt;/triggering_events_update&gt;&lt;error_number&gt;1&lt;/error_number&gt;&lt;error_message&gt;El valor esperado para este campo no cumple las condiciones de longitud y estructura.&lt;/error_message&gt;&lt;rule_description&gt;Validación de código de Dpto&lt;/rule_description&gt;&lt;exclude_from_client_eval&gt;False&lt;/exclude_from_client_eval&gt;&lt;batch&gt;False&lt;/batch&gt;&lt;severity&gt;-1&lt;/severity&gt;&lt;tags&gt;dpto_ccdgo;código de Dpto;Validación&lt;/tags&gt;&lt;category&gt;0&lt;/category&gt;&lt;/AddAttributeRule&gt;&lt;/workflow&gt;&lt;workflow&gt;&lt;AddAttributeRule&gt;&lt;rule_name&gt;Val Cod Mpio&lt;/rule_name&gt;&lt;rule_type&gt;CONSTRAINT&lt;/rule_type&gt;&lt;expression&gt;var cod = Trim($feature.mpio_ccdgo)
var largo = Count(Text(cod))
if(cod == "0")
   return false
else if(cod == "00")
   return false
else if(cod == "000")
   return false
else if (cod == "")
   return false
else if (cod == " ")
   return false
else if (cod == "  ")
   return false
else if (cod == "   ")
   return false
else if (isnan(cod) == -1)
   return false
else if (largo &amp;lt; 3)
   return false
else
   return true&lt;/expression&gt;&lt;is_editable&gt;True&lt;/is_editable&gt;&lt;triggering_events_insert&gt;False&lt;/triggering_events_insert&gt;&lt;triggering_events_delete&gt;False&lt;/triggering_events_delete&gt;&lt;triggering_events_update&gt;True&lt;/triggering_events_update&gt;&lt;error_number&gt;2&lt;/error_number&gt;&lt;error_message&gt;El valor esperado para este campo no cumple las condiciones de longitud y estructura.&lt;/error_message&gt;&lt;rule_description&gt;Validación de código de Mpio&lt;/rule_description&gt;&lt;exclude_from_client_eval&gt;False&lt;/exclude_from_client_eval&gt;&lt;batch&gt;False&lt;/batch&gt;&lt;severity&gt;-1&lt;/severity&gt;&lt;tags&gt;mpio_ccdgo;Validación;Código de Mpio&lt;/tags&gt;&lt;category&gt;0&lt;/category&gt;&lt;/AddAttributeRule&gt;&lt;/workflow&gt;&lt;workflow&gt;&lt;AddAttributeRule&gt;&lt;rule_name&gt;Val Cod Clase&lt;/rule_name&gt;&lt;rule_type&gt;CONSTRAINT&lt;/rule_type&gt;&lt;expression&gt;var cod = Trim($feature.clas_ccdgo)
var largo = Count(Text(cod))
if(cod == "0")
   return false
else if (cod == "")
   return false
else if (cod == " ")
   return false
else
   return true&lt;/expression&gt;&lt;is_editable&gt;True&lt;/is_editable&gt;&lt;triggering_events_insert&gt;False&lt;/triggering_events_insert&gt;&lt;triggering_events_delete&gt;False&lt;/triggering_events_delete&gt;&lt;triggering_events_update&gt;True&lt;/triggering_events_update&gt;&lt;error_number&gt;3&lt;/error_number&gt;&lt;error_message&gt;El valor esperado para este campo no cumple las condiciones de longitud y estructura.&lt;/error_message&gt;&lt;rule_description&gt;Validación de código de Clase&lt;/rule_description&gt;&lt;exclude_from_client_eval&gt;False&lt;/exclude_from_client_eval&gt;&lt;batch&gt;False&lt;/batch&gt;&lt;severity&gt;-1&lt;/severity&gt;&lt;tags&gt;clas_ccdgo;Validación&lt;/tags&gt;&lt;category&gt;0&lt;/category&gt;&lt;/AddAttributeRule&gt;&lt;/workflow&gt;&lt;workflow&gt;&lt;AddAttributeRule&gt;&lt;rule_name&gt;Val Cod Sect Rural&lt;/rule_name&gt;&lt;rule_type&gt;CONSTRAINT&lt;/rule_type&gt;&lt;expression&gt;var cod = $feature.setr_ccdgo
var largo = Count(Text(cod))
if (cod == "0")
   return false
else if (cod == "00")
   return false
else if (cod == "")
   return false
else if (cod == " ")
   return false
else 
   if (largo &amp;lt; 3)
      return false
   else
      return true&lt;/expression&gt;&lt;is_editable&gt;True&lt;/is_editable&gt;&lt;triggering_events_insert&gt;False&lt;/triggering_events_insert&gt;&lt;triggering_events_delete&gt;False&lt;/triggering_events_delete&gt;&lt;triggering_events_update&gt;True&lt;/triggering_events_update&gt;&lt;error_number&gt;4&lt;/error_number&gt;&lt;error_message&gt;El valor esperado para este campo no cumple las condiciones de longitud y estructura.&lt;/error_message&gt;&lt;rule_description&gt;Validación de código de Sector Rural&lt;/rule_description&gt;&lt;exclude_from_client_eval&gt;False&lt;/exclude_from_client_eval&gt;&lt;batch&gt;False&lt;/batch&gt;&lt;severity&gt;-1&lt;/severity&gt;&lt;tags&gt;setr_ccdgo;Validación;Código de Sector Rural&lt;/tags&gt;&lt;category&gt;0&lt;/category&gt;&lt;/AddAttributeRule&gt;&lt;/workflow&gt;&lt;workflow&gt;&lt;AddAttributeRule&gt;&lt;rule_name&gt;Val Cod Secc Rural&lt;/rule_name&gt;&lt;rule_type&gt;CONSTRAINT&lt;/rule_type&gt;&lt;expression&gt;var cod = $feature.secr_ccdgo
var largo = Count(Text(cod))
if(cod == "0")
   return false
else if (cod == "")
   return false
else if (cod == " ")
   return false
else if (cod == "  ")
   return false
else if (largo &amp;lt; 2)
   return false
else
   return true&lt;/expression&gt;&lt;is_editable&gt;True&lt;/is_editable&gt;&lt;triggering_events_insert&gt;False&lt;/triggering_events_insert&gt;&lt;triggering_events_delete&gt;False&lt;/triggering_events_delete&gt;&lt;triggering_events_update&gt;True&lt;/triggering_events_update&gt;&lt;error_number&gt;5&lt;/error_number&gt;&lt;error_message&gt;El valor esperado para este campo no cumple las condiciones de longitud y estructura.&lt;/error_message&gt;&lt;rule_description&gt;Validación de código de Sección Rural&lt;/rule_description&gt;&lt;exclude_from_client_eval&gt;False&lt;/exclude_from_client_eval&gt;&lt;batch&gt;False&lt;/batch&gt;&lt;severity&gt;-1&lt;/severity&gt;&lt;tags&gt;secr_ccdgo;Validación;Código de Sección Rural&lt;/tags&gt;&lt;category&gt;0&lt;/category&gt;&lt;/AddAttributeRule&gt;&lt;/workflow&gt;&lt;workflow&gt;&lt;AddAttributeRule&gt;&lt;rule_name&gt;Val Cod ZU&lt;/rule_name&gt;&lt;rule_type&gt;CONSTRAINT&lt;/rule_type&gt;&lt;expression&gt;var cod = $feature.zu_ccdgo
var largo = Count(Text(cod))
if(cod == "0")
   return false
else if(cod == "00")
   return false
else if (cod == "")
   return false
else if (cod == " ")
   return false
else if (cod == "  ")
   return false
else if (cod == "   ")
   return false
else if (largo &amp;lt; 3)
   return false
else
   return true&lt;/expression&gt;&lt;is_editable&gt;True&lt;/is_editable&gt;&lt;triggering_events_insert&gt;False&lt;/triggering_events_insert&gt;&lt;triggering_events_delete&gt;False&lt;/triggering_events_delete&gt;&lt;triggering_events_update&gt;True&lt;/triggering_events_update&gt;&lt;error_number&gt;6&lt;/error_number&gt;&lt;error_message&gt;El valor esperado para este campo no cumple las condiciones de longitud y estructura.&lt;/error_message&gt;&lt;rule_description&gt;Validación de código de Zona Urbana&lt;/rule_description&gt;&lt;exclude_from_client_eval&gt;False&lt;/exclude_from_client_eval&gt;&lt;batch&gt;False&lt;/batch&gt;&lt;severity&gt;-1&lt;/severity&gt;&lt;tags&gt;zu_ccdgo;Validación;Código de Zona Urbana&lt;/tags&gt;&lt;category&gt;0&lt;/category&gt;&lt;/AddAttributeRule&gt;&lt;/workflow&gt;&lt;workflow&gt;&lt;AddAttributeRule&gt;&lt;rule_name&gt;Val Nombre ZU&lt;/rule_name&gt;&lt;rule_type&gt;CONSTRAINT&lt;/rule_type&gt;&lt;expression&gt;var cod = Trim($feature.zu_cnmbre)
var largo = Count(Text(cod))
if (cod == "")
   return false
else if (cod == " ")
   return false
else if (largo  &amp;lt;= 1)
   return false
else
   return true&lt;/expression&gt;&lt;is_editable&gt;True&lt;/is_editable&gt;&lt;triggering_events_insert&gt;False&lt;/triggering_events_insert&gt;&lt;triggering_events_delete&gt;False&lt;/triggering_events_delete&gt;&lt;triggering_events_update&gt;True&lt;/triggering_events_update&gt;&lt;error_number&gt;7&lt;/error_number&gt;&lt;error_message&gt;El valor esperado para este campo no puede estar vacio o en cero&lt;/error_message&gt;&lt;rule_description&gt;Validación de Nombre de Zona Urbana&lt;/rule_description&gt;&lt;exclude_from_client_eval&gt;False&lt;/exclude_from_client_eval&gt;&lt;batch&gt;False&lt;/batch&gt;&lt;severity&gt;-1&lt;/severity&gt;&lt;tags&gt;zu_cnmbre;Validación;Nombre de Zona Urbana&lt;/tags&gt;&lt;category&gt;0&lt;/category&gt;&lt;/AddAttributeRule&gt;&lt;/workflow&gt;&lt;workflow&gt;&lt;AddAttributeRule&gt;&lt;rule_name&gt;Val Area ZU&lt;/rule_name&gt;&lt;rule_type&gt;CONSTRAINT&lt;/rule_type&gt;&lt;expression&gt;$feature.zu_narea&amp;gt;= 0&lt;/expression&gt;&lt;is_editable&gt;True&lt;/is_editable&gt;&lt;triggering_events_insert&gt;False&lt;/triggering_events_insert&gt;&lt;triggering_events_delete&gt;False&lt;/triggering_events_delete&gt;&lt;triggering_events_update&gt;True&lt;/triggering_events_update&gt;&lt;error_number&gt;8&lt;/error_number&gt;&lt;error_message&gt;El área de zona urbana debe ser mayor o igual a cero&lt;/error_message&gt;&lt;rule_description&gt;Validación de Area de Zona Urbana&lt;/rule_description&gt;&lt;exclude_from_client_eval&gt;False&lt;/exclude_from_client_eval&gt;&lt;batch&gt;False&lt;/batch&gt;&lt;severity&gt;-1&lt;/severity&gt;&lt;tags&gt;zu_narea;Validación;Area&lt;/tags&gt;&lt;category&gt;0&lt;/category&gt;&lt;/AddAttributeRule&gt;&lt;/workflow&gt;&lt;workflow&gt;&lt;AddAttributeRule&gt;&lt;rule_name&gt;Val Altitud&lt;/rule_name&gt;&lt;rule_type&gt;CONSTRAINT&lt;/rule_type&gt;&lt;expression&gt;$feature.zu_naltd&amp;gt;= 0&lt;/expression&gt;&lt;is_editable&gt;True&lt;/is_editable&gt;&lt;triggering_events_insert&gt;False&lt;/triggering_events_insert&gt;&lt;triggering_events_delete&gt;False&lt;/triggering_events_delete&gt;&lt;triggering_events_update&gt;True&lt;/triggering_events_update&gt;&lt;error_number&gt;9&lt;/error_number&gt;&lt;error_message&gt;La altitud debe ser mayor o igual a cero&lt;/error_message&gt;&lt;rule_description&gt;Validación de Altitud de Zona Urbana&lt;/rule_description&gt;&lt;exclude_from_client_eval&gt;False&lt;/exclude_from_client_eval&gt;&lt;batch&gt;False&lt;/batch&gt;&lt;severity&gt;-1&lt;/severity&gt;&lt;tags&gt;zu_naltd;Validación;Altitud&lt;/tags&gt;&lt;category&gt;0&lt;/category&gt;&lt;/AddAttributeRule&gt;&lt;/workflow&gt;&lt;workflow&gt;&lt;AddAttributeRule&gt;&lt;rule_name&gt;Val Año&lt;/rule_name&gt;&lt;rule_type&gt;CONSTRAINT&lt;/rule_type&gt;&lt;expression&gt;$feature.zu_nano&amp;gt;= 0 &amp;amp;&amp;amp; $feature.zu_nano&amp;lt; 3000&lt;/expression&gt;&lt;is_editable&gt;True&lt;/is_editable&gt;&lt;triggering_events_insert&gt;False&lt;/triggering_events_insert&gt;&lt;triggering_events_delete&gt;False&lt;/triggering_events_delete&gt;&lt;triggering_events_update&gt;True&lt;/triggering_events_update&gt;&lt;error_number&gt;10&lt;/error_number&gt;&lt;error_message&gt;El año de vigencia debe ser superior o igual a 0 y menor a 3000&lt;/error_message&gt;&lt;rule_description&gt;Validación de Año de vigencia de Zona Urbana&lt;/rule_description&gt;&lt;exclude_from_client_eval&gt;False&lt;/exclude_from_client_eval&gt;&lt;batch&gt;False&lt;/batch&gt;&lt;severity&gt;-1&lt;/severity&gt;&lt;tags&gt;zu_nano;Validación;Año de vigencia&lt;/tags&gt;&lt;category&gt;0&lt;/category&gt;&lt;/AddAttributeRule&gt;&lt;/workflow&gt;&lt;/operationSequence&gt;"</Process><Process ToolSource="c:\program files\arcgis\pro\Resources\ArcToolbox\toolboxes\Data Management Tools.tbx\UpdateSchema" Date="20240313" Time="091905">UpdateSchema "CIMDATA=&lt;CIMFeatureDatasetDataConnection xsi:type='typens:CIMFeatureDatasetDataConnection' xmlns:xsi='http://www.w3.org/2001/XMLSchema-instance' xmlns:xs='http://www.w3.org/2001/XMLSchema' xmlns:typens='http://www.esri.com/schemas/ArcGIS/3.2.0'&gt;&lt;FeatureDataset&gt;mgn.mgn.mgn_urbano&lt;/FeatureDataset&gt;&lt;WorkspaceConnectionString&gt;ENCRYPTED_PASSWORD_UTF8=00022e686d554e466d316154744f74535657567443474d484b485037375338432b7430793549756f656b49397034673d2a00;ENCRYPTED_PASSWORD=00022e686b474542365667536378776a39716b534c754d5846413d3d2a00;SERVER=edicion-server;INSTANCE=sde:postgresql:edicion-server;DBCLIENT=postgresql;DB_CONNECTION_PROPERTIES=edicion-server;DATABASE=mgn;USER=mgn;VERSION=sde.DEFAULT;AUTHENTICATION_MODE=DBMS&lt;/WorkspaceConnectionString&gt;&lt;WorkspaceFactory&gt;SDE&lt;/WorkspaceFactory&gt;&lt;Dataset&gt;mgn.mgn.mgn_urb_zona_urbana&lt;/Dataset&gt;&lt;DatasetType&gt;esriDTFeatureClass&lt;/DatasetType&gt;&lt;/CIMFeatureDatasetDataConnection&gt;" &lt;operationSequence&gt;&lt;workflow&gt;&lt;EnableEditorTracking&gt;&lt;creator_field&gt;creado_por&lt;/creator_field&gt;&lt;creation_date_field&gt;fecha_creacion&lt;/creation_date_field&gt;&lt;last_editor_field&gt;modificado_por&lt;/last_editor_field&gt;&lt;last_edit_date_field&gt;fecha_modificacion&lt;/last_edit_date_field&gt;&lt;add_fields&gt;TRUE&lt;/add_fields&gt;&lt;record_dates_in&gt;DATABASE_TIME&lt;/record_dates_in&gt;&lt;/EnableEditorTracking&gt;&lt;/workflow&gt;&lt;/operationSequence&gt;</Process><Process Name="Append" ToolSource="c:\program files\arcgis\pro\Resources\ArcToolbox\toolboxes\Data Management Tools.tbx\Append" Date="20241123" Time="020955">Append MARCO\MGN_URB_ZONA_URBANA D:\JAMARIND\ESTRUCTURACION\ESTRUCTURACION_2024\INCORPORACION_NOVEDADES\PRE_CONSOLIDACION\GDB_PRECONSOLIDACION\GDB_MGN_2024_EC.gdb\mgn_urbano\mgn_urb_zona_urbana "Input fields must match target fields" # # # # NOT_UPDATE_GEOMETRY</Process><Process ToolSource="c:\program files\arcgis\pro\Resources\ArcToolbox\toolboxes\Conversion Tools.tbx\ExportFeatures" Date="20250226" Time="215545">ExportFeatures MGN_2024\MGN_URB_ZONA_URBANA E:\JEZORAH\ACTIVIDADES\BDG_MGN\VIGENCIA_2024\MGN_URB_ZONA_URBANA.shp # NOT_USE_ALIAS "dpto_ccdgo "Codigo departamento" true true false 2 Text 0 0,First,#,MGN_2024\MGN_URB_ZONA_URBANA,dpto_ccdgo,0,1;mpio_ccdgo "Codigo municipio" true true false 3 Text 0 0,First,#,MGN_2024\MGN_URB_ZONA_URBANA,mpio_ccdgo,0,2;mpio_cdpmp "Codigo municipio concatenado" true true false 5 Text 0 0,First,#,MGN_2024\MGN_URB_ZONA_URBANA,mpio_cdpmp,0,4;clas_ccdgo "Codigo clase" true true false 1 Text 0 0,First,#,MGN_2024\MGN_URB_ZONA_URBANA,clas_ccdgo,0,254;setr_ccdgo "Codigo sector rural" true true false 3 Text 0 0,First,#,MGN_2024\MGN_URB_ZONA_URBANA,setr_ccdgo,0,2;setr_ccnct "Codigo sector rural concatenado" true true false 9 Text 0 0,First,#,MGN_2024\MGN_URB_ZONA_URBANA,setr_ccnct,0,8;secr_ccdgo "Codigo seccion rural" true true false 2 Text 0 0,First,#,MGN_2024\MGN_URB_ZONA_URBANA,secr_ccdgo,0,1;secr_ccnct "Codigo seccion rural concatenado" true true false 11 Text 0 0,First,#,MGN_2024\MGN_URB_ZONA_URBANA,secr_ccnct,0,10;zu_ccdgo "Codigo Zona Urbana" true true false 3 Text 0 0,First,#,MGN_2024\MGN_URB_ZONA_URBANA,zu_ccdgo,0,2;zu_cdivi "Codigo DIVIPOLA Zona Urbana" true true false 8 Text 0 0,First,#,MGN_2024\MGN_URB_ZONA_URBANA,zu_cdivi,0,7;zu_cnmbre "Nombre Zona Urbana" true true false 255 Text 0 0,First,#,MGN_2024\MGN_URB_ZONA_URBANA,zu_cnmbre,0,254;zu_ccnct "Codigo Zona Urbana concatenado" true true false 14 Text 0 0,First,#,MGN_2024\MGN_URB_ZONA_URBANA,zu_ccnct,0,13;zu_narea "Area Zona Urbana (m2)" true true false 8 Double 0 0,First,#,MGN_2024\MGN_URB_ZONA_URBANA,zu_narea,-1,-1;zu_naltd "Altitud Zona Urbana" true true false 8 Double 0 0,First,#,MGN_2024\MGN_URB_ZONA_URBANA,zu_naltd,-1,-1;zu_nano "Año vigencia DANE" true true false 2 Short 0 0,First,#,MGN_2024\MGN_URB_ZONA_URBANA,zu_nano,-1,-1;shape_Length "shape_Length" false true true 8 Double 0 0,First,#,MGN_2024\MGN_URB_ZONA_URBANA,shape_Length,-1,-1;shape_Area "shape_Area" false true true 8 Double 0 0,First,#,MGN_2024\MGN_URB_ZONA_URBANA,shape_Area,-1,-1" #</Process><Process ToolSource="c:\program files\arcgis\pro\Resources\ArcToolbox\toolboxes\Data Management Tools.tbx\Project" Date="20250304" Time="145224">Project MGN_URB_ZONA_URBANA E:\JEZORAH\ACTIVIDADES\BDG_MGN\VIGENCIA_2024\MGN_URB_ZONA_URBANA.shp GEOGCS["GCS_WGS_1984",DATUM["D_WGS_1984",SPHEROID["WGS_1984",6378137.0,298.257223563]],PRIMEM["Greenwich",0.0],UNIT["Degree",0.0174532925199433]] MAGNA_To_WGS_1984_1 GEOGCS["GCS_MAGNA",DATUM["D_MAGNA",SPHEROID["GRS_1980",6378137.0,298.257222101]],PRIMEM["Greenwich",0.0],UNIT["Degree",0.0174532925199433]] NO_PRESERVE_SHAPE # NO_VERTICAL</Process></lineage><itemProps><itemName Sync="TRUE">MGN_URB_ZONA_URBANA</itemName><imsContentType Sync="TRUE">002</imsContentType><itemSize Sync="TRUE">0.000</itemSize><itemLocation><linkage Sync="TRUE">file://\\DESKTOP-S2L2SKT\C$\Users\pc\Downloads\poblacion\MGN_URB_2024_76147\MGN_URB_2023_76147</linkage><protocol Sync="TRUE">Local Area Network</protocol></itemLocation></itemProps><coordRef><type Sync="TRUE">Geographic</type><geogcsn Sync="TRUE">GCS_MAGNA</geogcsn><csUnits Sync="TRUE">Angular Unit: Degree (0.017453)</csUnits><peXml Sync="TRUE">&lt;GeographicCoordinateSystem xsi:type='typens:GeographicCoordinateSystem' xmlns:xsi='http://www.w3.org/2001/XMLSchema-instance' xmlns:xs='http://www.w3.org/2001/XMLSchema' xmlns:typens='http://www.esri.com/schemas/ArcGIS/3.2.0'&gt;&lt;WKT&gt;GEOGCS[&amp;quot;GCS_MAGNA&amp;quot;,DATUM[&amp;quot;D_MAGNA&amp;quot;,SPHEROID[&amp;quot;GRS_1980&amp;quot;,6378137.0,298.257222101]],PRIMEM[&amp;quot;Greenwich&amp;quot;,0.0],UNIT[&amp;quot;Degree&amp;quot;,0.0174532925199433],AUTHORITY[&amp;quot;EPSG&amp;quot;,4686]]&lt;/WKT&gt;&lt;XOrigin&gt;-400&lt;/XOrigin&gt;&lt;YOrigin&gt;-400&lt;/YOrigin&gt;&lt;XYScale&gt;11258999068426.238&lt;/XYScale&gt;&lt;ZOrigin&gt;-100000&lt;/ZOrigin&gt;&lt;ZScale&gt;10000&lt;/ZScale&gt;&lt;MOrigin&gt;-100000&lt;/MOrigin&gt;&lt;MScale&gt;10000&lt;/MScale&gt;&lt;XYTolerance&gt;8.983152841195215e-09&lt;/XYTolerance&gt;&lt;ZTolerance&gt;0.001&lt;/ZTolerance&gt;&lt;MTolerance&gt;0.001&lt;/MTolerance&gt;&lt;HighPrecision&gt;true&lt;/HighPrecision&gt;&lt;LeftLongitude&gt;-180&lt;/LeftLongitude&gt;&lt;WKID&gt;4686&lt;/WKID&gt;&lt;LatestWKID&gt;4686&lt;/LatestWKID&gt;&lt;/GeographicCoordinateSystem&gt;</peXml></coordRef><copyHistory><copy source="C:\Users\pc\Downloads\poblacion\MGN_URB_2023_76147" dest="\\DESKTOP-S2L2SKT\C$\Users\pc\Downloads\poblacion\MGN_URB_2024_76147\MGN_URB_2023_76147" date="20251028" time="06183700"></copy></copyHistory></DataProperties><SyncDate>20250226</SyncDate><SyncTime>21554300</SyncTime><ModDate>20250226</ModDate><ModTime>21554300</ModTime></Esri><dataIdInfo><envirDesc Sync="TRUE">Microsoft Windows 10 Version 10.0 (Build 19045) ; Esri ArcGIS 13.2.2.49743</envirDesc><dataLang><languageCode value="spa" Sync="TRUE"></languageCode><countryCode value="COL" Sync="TRUE"></countryCode></dataLang><idCitation><resTitle Sync="TRUE">MGN_URB_ZONA_URBANA</resTitle><presForm><PresFormCd value="005" Sync="TRUE"></PresFormCd></presForm></idCitation><spatRpType><SpatRepTypCd value="001" Sync="TRUE"></SpatRepTypCd></spatRpType></dataIdInfo><mdLang><languageCode value="spa" Sync="TRUE"></languageCode><countryCode value="COL" Sync="TRUE"></countryCode></mdLang><distInfo><distFormat><formatName Sync="TRUE">Shapefile</formatName></distFormat><distTranOps><transSize Sync="TRUE">0.000</transSize></distTranOps></distInfo><mdHrLv><ScopeCd value="005" Sync="TRUE"></ScopeCd></mdHrLv><mdHrLvName Sync="TRUE">dataset</mdHrLvName><refSysInfo><RefSystem><refSysID><identCode code="4686" Sync="TRUE"></identCode><idCodeSpace Sync="TRUE">EPSG</idCodeSpace><idVersion Sync="TRUE">6.14(9.2.0)</idVersion></refSysID></RefSystem></refSysInfo><spatRepInfo><VectSpatRep><geometObjs Name="MGN_URB_ZONA_URBANA"><geoObjTyp><GeoObjTypCd value="002" Sync="TRUE"></GeoObjTypCd></geoObjTyp><geoObjCnt Sync="TRUE">0</geoObjCnt></geometObjs><topLvl><TopoLevCd value="001" Sync="TRUE"></TopoLevCd></topLvl></VectSpatRep></spatRepInfo><spdoinfo><ptvctinf><esriterm Name="MGN_URB_ZONA_URBANA"><efeatyp Sync="TRUE">Simple</efeatyp><efeageom code="4" Sync="TRUE"></efeageom><esritopo Sync="TRUE">FALSE</esritopo><efeacnt Sync="TRUE">0</efeacnt><spindex Sync="TRUE">FALSE</spindex><linrefer Sync="TRUE">FALSE</linrefer></esriterm></ptvctinf></spdoinfo><eainfo><detailed Name="MGN_URB_ZONA_URBANA"><enttyp><enttypl Sync="TRUE">MGN_URB_ZONA_URBANA</enttypl><enttypt Sync="TRUE">Feature Class</enttypt><enttypc Sync="TRUE">0</enttypc></enttyp><attr><attrlabl Sync="TRUE">FID</attrlabl><attalias Sync="TRUE">FID</attalias><attrtype Sync="TRUE">OID</attrtype><attwidth Sync="TRUE">4</attwidth><atprecis Sync="TRUE">0</atprecis><attscale Sync="TRUE">0</attscale><attrdef Sync="TRUE">Internal feature number.</attrdef><attrdefs Sync="TRUE">Esri</attrdefs><attrdomv><udom Sync="TRUE">Sequential unique whole numbers that are automatically generated.</udom></attrdomv></attr><attr><attrlabl Sync="TRUE">Shape</attrlabl><attalias Sync="TRUE">Shape</attalias><attrtype Sync="TRUE">Geometry</attrtype><attwidth Sync="TRUE">0</attwidth><atprecis Sync="TRUE">0</atprecis><attscale Sync="TRUE">0</attscale><attrdef Sync="TRUE">Feature geometry.</attrdef><attrdefs Sync="TRUE">Esri</attrdefs><attrdomv><udom Sync="TRUE">Coordinates defining the features.</udom></attrdomv></attr><attr><attrlabl Sync="TRUE">dpto_ccdgo</attrlabl><attalias Sync="TRUE">dpto_ccdgo</attalias><attrtype Sync="TRUE">String</attrtype><attwidth Sync="TRUE">2</attwidth><atprecis Sync="TRUE">0</atprecis><attscale Sync="TRUE">0</attscale></attr><attr><attrlabl Sync="TRUE">mpio_ccdgo</attrlabl><attalias Sync="TRUE">mpio_ccdgo</attalias><attrtype Sync="TRUE">String</attrtype><attwidth Sync="TRUE">3</attwidth><atprecis Sync="TRUE">0</atprecis><attscale Sync="TRUE">0</attscale></attr><attr><attrlabl Sync="TRUE">mpio_cdpmp</attrlabl><attalias Sync="TRUE">mpio_cdpmp</attalias><attrtype Sync="TRUE">String</attrtype><attwidth Sync="TRUE">5</attwidth><atprecis Sync="TRUE">0</atprecis><attscale Sync="TRUE">0</attscale></attr><attr><attrlabl Sync="TRUE">clas_ccdgo</attrlabl><attalias Sync="TRUE">clas_ccdgo</attalias><attrtype Sync="TRUE">String</attrtype><attwidth Sync="TRUE">1</attwidth><atprecis Sync="TRUE">0</atprecis><attscale Sync="TRUE">0</attscale></attr><attr><attrlabl Sync="TRUE">setr_ccdgo</attrlabl><attalias Sync="TRUE">setr_ccdgo</attalias><attrtype Sync="TRUE">String</attrtype><attwidth Sync="TRUE">3</attwidth><atprecis Sync="TRUE">0</atprecis><attscale Sync="TRUE">0</attscale></attr><attr><attrlabl Sync="TRUE">setr_ccnct</attrlabl><attalias Sync="TRUE">setr_ccnct</attalias><attrtype Sync="TRUE">String</attrtype><attwidth Sync="TRUE">9</attwidth><atprecis Sync="TRUE">0</atprecis><attscale Sync="TRUE">0</attscale></attr><attr><attrlabl Sync="TRUE">secr_ccdgo</attrlabl><attalias Sync="TRUE">secr_ccdgo</attalias><attrtype Sync="TRUE">String</attrtype><attwidth Sync="TRUE">2</attwidth><atprecis Sync="TRUE">0</atprecis><attscale Sync="TRUE">0</attscale></attr><attr><attrlabl Sync="TRUE">secr_ccnct</attrlabl><attalias Sync="TRUE">secr_ccnct</attalias><attrtype Sync="TRUE">String</attrtype><attwidth Sync="TRUE">11</attwidth><atprecis Sync="TRUE">0</atprecis><attscale Sync="TRUE">0</attscale></attr><attr><attrlabl Sync="TRUE">zu_ccdgo</attrlabl><attalias Sync="TRUE">zu_ccdgo</attalias><attrtype Sync="TRUE">String</attrtype><attwidth Sync="TRUE">3</attwidth><atprecis Sync="TRUE">0</atprecis><attscale Sync="TRUE">0</attscale></attr><attr><attrlabl Sync="TRUE">zu_cdivi</attrlabl><attalias Sync="TRUE">zu_cdivi</attalias><attrtype Sync="TRUE">String</attrtype><attwidth Sync="TRUE">8</attwidth><atprecis Sync="TRUE">0</atprecis><attscale Sync="TRUE">0</attscale></attr><attr><attrlabl Sync="TRUE">zu_cnmbre</attrlabl><attalias Sync="TRUE">zu_cnmbre</attalias><attrtype Sync="TRUE">String</attrtype><attwidth Sync="TRUE">254</attwidth><atprecis Sync="TRUE">0</atprecis><attscale Sync="TRUE">0</attscale></attr><attr><attrlabl Sync="TRUE">zu_ccnct</attrlabl><attalias Sync="TRUE">zu_ccnct</attalias><attrtype Sync="TRUE">String</attrtype><attwidth Sync="TRUE">14</attwidth><atprecis Sync="TRUE">0</atprecis><attscale Sync="TRUE">0</attscale></attr><attr><attrlabl Sync="TRUE">zu_narea</attrlabl><attalias Sync="TRUE">zu_narea</attalias><attrtype Sync="TRUE">Double</attrtype><attwidth Sync="TRUE">19</attwidth><atprecis Sync="TRUE">0</atprecis><attscale Sync="TRUE">0</attscale></attr><attr><attrlabl Sync="TRUE">zu_naltd</attrlabl><attalias Sync="TRUE">zu_naltd</attalias><attrtype Sync="TRUE">Double</attrtype><attwidth Sync="TRUE">19</attwidth><atprecis Sync="TRUE">0</atprecis><attscale Sync="TRUE">0</attscale></attr><attr><attrlabl Sync="TRUE">zu_nano</attrlabl><attalias Sync="TRUE">zu_nano</attalias><attrtype Sync="TRUE">Integer</attrtype><attwidth Sync="TRUE">5</attwidth><atprecis Sync="TRUE">5</atprecis><attscale Sync="TRUE">0</attscale></attr><attr><attrlabl Sync="TRUE">shape_Leng</attrlabl><attalias Sync="TRUE">shape_Leng</attalias><attrtype Sync="TRUE">Double</attrtype><attwidth Sync="TRUE">19</attwidth><atprecis Sync="TRUE">0</atprecis><attscale Sync="TRUE">0</attscale></attr><attr><attrlabl Sync="TRUE">shape_Area</attrlabl><attalias Sync="TRUE">shape_Area</attalias><attrtype Sync="TRUE">Double</attrtype><attwidth Sync="TRUE">19</attwidth><atprecis Sync="TRUE">0</atprecis><attscale Sync="TRUE">0</attscale><attrdef Sync="TRUE">Area of feature in internal units squared.</attrdef><attrdefs Sync="TRUE">Esri</attrdefs><attrdomv><udom Sync="TRUE">Positive real numbers that are automatically generated.</udom></attrdomv></attr></detailed></eainfo><mdDateSt Sync="TRUE">20250226</mdDateSt></metadata>
