<?xml version="1.0" encoding="UTF-8"?>
<metadata xml:lang="es"><Esri><CreaDate>20250527</CreaDate><CreaTime>16450900</CreaTime><ArcGISFormat>1.0</ArcGISFormat><SyncOnce>TRUE</SyncOnce><DataProperties><lineage><Process ToolSource="c:\program files (x86)\arcgis\desktop10.8\ArcToolbox\Toolboxes\Spatial Analyst Tools.tbx\ExtractByMask" Date="20250527" Time="164509">ExtractByMask Orto15_Guasca.tif guasca_train "D:\Igac2025\New Folder\Orto_guasca_train.tif"</Process></lineage></DataProperties></Esri></metadata>
